OBJECTID,OBJECTID_1,COUNT,AREA,MIN,MAX,RANGE,MEAN,STD,SUM
1,26,1,0.001736111,15.52114582,15.52114582,0,15.52114582,0,15.52114582
2,33,1,0.001736111,9.652573586,9.652573586,0,9.652573586,0,9.652573586
3,54,1,0.001736111,14.10378456,14.10378456,0,14.10378456,0,14.10378456
4,65,1,0.001736111,10.82847214,10.82847214,0,10.82847214,0,10.82847214
5,66,1,0.001736111,12.84213924,12.84213924,0,12.84213924,0,12.84213924
6,76,1,0.001736111,14.0938549,14.0938549,0,14.0938549,0,14.0938549
7,98,1,0.001736111,13.74606323,13.74606323,0,13.74606323,0,13.74606323
8,100,1,0.001736111,14.15923595,14.15923595,0,14.15923595,0,14.15923595
9,112,1,0.001736111,10.82847214,10.82847214,0,10.82847214,0,10.82847214
10,113,1,0.001736111,9.970927238,9.970927238,0,9.970927238,0,9.970927238
11,114,1,0.001736111,10.82847214,10.82847214,0,10.82847214,0,10.82847214
12,115,1,0.001736111,10.82847214,10.82847214,0,10.82847214,0,10.82847214
13,116,1,0.001736111,10.82847214,10.82847214,0,10.82847214,0,10.82847214
14,117,1,0.001736111,10.82847214,10.82847214,0,10.82847214,0,10.82847214
15,124,1,0.001736111,6.966083527,6.966083527,0,6.966083527,0,6.966083527
16,129,1,0.001736111,8.239074707,8.239074707,0,8.239074707,0,8.239074707
17,130,1,0.001736111,6.653583527,6.653583527,0,6.653583527,0,6.653583527
18,139,1,0.001736111,6.869028091,6.869028091,0,6.869028091,0,6.869028091
19,140,1,0.001736111,6.869028091,6.869028091,0,6.869028091,0,6.869028091
20,141,1,0.001736111,6.869028091,6.869028091,0,6.869028091,0,6.869028091
21,178,1,0.001736111,12.7224617,12.7224617,0,12.7224617,0,12.7224617
22,190,1,0.001736111,14.1316452,14.1316452,0,14.1316452,0,14.1316452
23,191,1,0.001736111,6.971416473,6.971416473,0,6.971416473,0,6.971416473
24,206,1,0.001736111,6.525157452,6.525157452,0,6.525157452,0,6.525157452
25,212,1,0.001736111,14.29588127,14.29588127,0,14.29588127,0,14.29588127
26,213,1,0.001736111,6.142245293,6.142245293,0,6.142245293,0,6.142245293
27,216,1,0.001736111,17.7514286,17.7514286,0,17.7514286,0,17.7514286
28,219,1,0.001736111,7.113375187,7.113375187,0,7.113375187,0,7.113375187
29,227,1,0.001736111,17.81210327,17.81210327,0,17.81210327,0,17.81210327
30,229,1,0.001736111,6.869028091,6.869028091,0,6.869028091,0,6.869028091
31,230,1,0.001736111,9.622638702,9.622638702,0,9.622638702,0,9.622638702
32,241,1,0.001736111,14.29588127,14.29588127,0,14.29588127,0,14.29588127
33,243,1,0.001736111,14.1316452,14.1316452,0,14.1316452,0,14.1316452
34,244,1,0.001736111,14.1316452,14.1316452,0,14.1316452,0,14.1316452
35,248,1,0.001736111,13.49001408,13.49001408,0,13.49001408,0,13.49001408
36,256,1,0.001736111,14.79839039,14.79839039,0,14.79839039,0,14.79839039
37,259,1,0.001736111,11.95879936,11.95879936,0,11.95879936,0,11.95879936
38,260,1,0.001736111,14.19190311,14.19190311,0,14.19190311,0,14.19190311
39,270,1,0.001736111,14.27959347,14.27959347,0,14.27959347,0,14.27959347
40,272,1,0.001736111,14.23097992,14.23097992,0,14.23097992,0,14.23097992
41,275,1,0.001736111,9.176111221,9.176111221,0,9.176111221,0,9.176111221
42,278,1,0.001736111,12.60034847,12.60034847,0,12.60034847,0,12.60034847
43,298,1,0.001736111,9.216450691,9.216450691,0,9.216450691,0,9.216450691
44,304,1,0.001736111,8.050941467,8.050941467,0,8.050941467,0,8.050941467
45,312,1,0.001736111,10.44386101,10.44386101,0,10.44386101,0,10.44386101
46,313,1,0.001736111,12.72258186,12.72258186,0,12.72258186,0,12.72258186
47,321,1,0.001736111,13.74606323,13.74606323,0,13.74606323,0,13.74606323
48,326,1,0.001736111,13.74606323,13.74606323,0,13.74606323,0,13.74606323
49,331,1,0.001736111,14.1316452,14.1316452,0,14.1316452,0,14.1316452
50,332,1,0.001736111,11.48621845,11.48621845,0,11.48621845,0,11.48621845
51,334,1,0.001736111,14.5183754,14.5183754,0,14.5183754,0,14.5183754
52,346,1,0.001736111,14.68675423,14.68675423,0,14.68675423,0,14.68675423
53,349,1,0.001736111,13.97926426,13.97926426,0,13.97926426,0,13.97926426
54,360,1,0.001736111,13.91568756,13.91568756,0,13.91568756,0,13.91568756
55,363,1,0.001736111,13.96644878,13.96644878,0,13.96644878,0,13.96644878
56,365,1,0.001736111,14.0833683,14.0833683,0,14.0833683,0,14.0833683
57,370,1,0.001736111,14.36760426,14.36760426,0,14.36760426,0,14.36760426
58,378,1,0.001736111,14.0833683,14.0833683,0,14.0833683,0,14.0833683
59,390,1,0.001736111,13.74606323,13.74606323,0,13.74606323,0,13.74606323
60,402,1,0.001736111,8.334496498,8.334496498,0,8.334496498,0,8.334496498
61,406,1,0.001736111,16.40638924,16.40638924,0,16.40638924,0,16.40638924
62,415,1,0.001736111,13.93140221,13.93140221,0,13.93140221,0,13.93140221
63,417,1,0.001736111,16.40638924,16.40638924,0,16.40638924,0,16.40638924
64,419,1,0.001736111,6.869028091,6.869028091,0,6.869028091,0,6.869028091
65,422,1,0.001736111,14.25912571,14.25912571,0,14.25912571,0,14.25912571
66,429,1,0.001736111,14.29588127,14.29588127,0,14.29588127,0,14.29588127
67,430,1,0.001736111,17.81888962,17.81888962,0,17.81888962,0,17.81888962
68,452,1,0.001736111,10.57611275,10.57611275,0,10.57611275,0,10.57611275
69,509,1,0.001736111,13.91568756,13.91568756,0,13.91568756,0,13.91568756
70,514,1,0.001736111,5.631465435,5.631465435,0,5.631465435,0,5.631465435
71,528,1,0.001736111,14.29588127,14.29588127,0,14.29588127,0,14.29588127
72,541,1,0.001736111,11.2197361,11.2197361,0,11.2197361,0,11.2197361
73,555,1,0.001736111,6.971416473,6.971416473,0,6.971416473,0,6.971416473
74,563,1,0.001736111,11.81357288,11.81357288,0,11.81357288,0,11.81357288
75,567,1,0.001736111,14.28922844,14.28922844,0,14.28922844,0,14.28922844
76,572,1,0.001736111,14.36760426,14.36760426,0,14.36760426,0,14.36760426
77,577,1,0.001736111,13.65358353,13.65358353,0,13.65358353,0,13.65358353
78,580,1,0.001736111,14.67978001,14.67978001,0,14.67978001,0,14.67978001
79,603,1,0.001736111,10.45063972,10.45063972,0,10.45063972,0,10.45063972
80,620,1,0.001736111,8.015114784,8.015114784,0,8.015114784,0,8.015114784
81,630,1,0.001736111,6.142622471,6.142622471,0,6.142622471,0,6.142622471
82,652,1,0.001736111,14.29588127,14.29588127,0,14.29588127,0,14.29588127
83,673,1,0.001736111,14.79921532,14.79921532,0,14.79921532,0,14.79921532
84,676,1,0.001736111,5.601708412,5.601708412,0,5.601708412,0,5.601708412
85,680,1,0.001736111,13.88270855,13.88270855,0,13.88270855,0,13.88270855
86,692,1,0.001736111,7.236236572,7.236236572,0,7.236236572,0,7.236236572
87,693,1,0.001736111,5.186624527,5.186624527,0,5.186624527,0,5.186624527
88,714,1,0.001736111,14.2509861,14.2509861,0,14.2509861,0,14.2509861
89,718,1,0.001736111,13.59768772,13.59768772,0,13.59768772,0,13.59768772
90,719,1,0.001736111,13.69687462,13.69687462,0,13.69687462,0,13.69687462
91,726,1,0.001736111,12.1535759,12.1535759,0,12.1535759,0,12.1535759
92,729,1,0.001736111,15.23831272,15.23831272,0,15.23831272,0,15.23831272
93,733,1,0.001736111,14.79921532,14.79921532,0,14.79921532,0,14.79921532
94,739,1,0.001736111,13.8434763,13.8434763,0,13.8434763,0,13.8434763
95,754,1,0.001736111,12.08182335,12.08182335,0,12.08182335,0,12.08182335
96,759,1,0.001736111,6.300940514,6.300940514,0,6.300940514,0,6.300940514
97,774,1,0.001736111,9.402923584,9.402923584,0,9.402923584,0,9.402923584
98,790,1,0.001736111,12.08182335,12.08182335,0,12.08182335,0,12.08182335
99,800,1,0.001736111,14.29588127,14.29588127,0,14.29588127,0,14.29588127
100,801,1,0.001736111,15.23121834,15.23121834,0,15.23121834,0,15.23121834
101,803,1,0.001736111,11.38330269,11.38330269,0,11.38330269,0,11.38330269
102,818,1,0.001736111,10.02473068,10.02473068,0,10.02473068,0,10.02473068
103,822,1,0.001736111,14.1316452,14.1316452,0,14.1316452,0,14.1316452
104,829,1,0.001736111,14.26221561,14.26221561,0,14.26221561,0,14.26221561
105,864,1,0.001736111,17.81210327,17.81210327,0,17.81210327,0,17.81210327
106,873,1,0.001736111,9.176111221,9.176111221,0,9.176111221,0,9.176111221
107,883,1,0.001736111,14.68675423,14.68675423,0,14.68675423,0,14.68675423
108,885,1,0.001736111,7.900884151,7.900884151,0,7.900884151,0,7.900884151
109,887,1,0.001736111,9.919496536,9.919496536,0,9.919496536,0,9.919496536
110,893,1,0.001736111,10.25782967,10.25782967,0,10.25782967,0,10.25782967
111,894,1,0.001736111,11.10839558,11.10839558,0,11.10839558,0,11.10839558
112,897,1,0.001736111,13.84384727,13.84384727,0,13.84384727,0,13.84384727
113,906,1,0.001736111,15.88189316,15.88189316,0,15.88189316,0,15.88189316
114,923,1,0.001736111,6.450749874,6.450749874,0,6.450749874,0,6.450749874
115,926,1,0.001736111,12.84213924,12.84213924,0,12.84213924,0,12.84213924
116,932,1,0.001736111,11.32808971,11.32808971,0,11.32808971,0,11.32808971
117,960,1,0.001736111,12.41206551,12.41206551,0,12.41206551,0,12.41206551
118,981,1,0.001736111,14.2735424,14.2735424,0,14.2735424,0,14.2735424
119,986,1,0.001736111,14.45156288,14.45156288,0,14.45156288,0,14.45156288
120,987,1,0.001736111,7.170180321,7.170180321,0,7.170180321,0,7.170180321
121,993,1,0.001736111,10.51332283,10.51332283,0,10.51332283,0,10.51332283
122,997,1,0.001736111,9.698912621,9.698912621,0,9.698912621,0,9.698912621
123,1003,1,0.001736111,10.51332283,10.51332283,0,10.51332283,0,10.51332283
124,1012,1,0.001736111,5.972259045,5.972259045,0,5.972259045,0,5.972259045
125,1017,1,0.001736111,13.88270855,13.88270855,0,13.88270855,0,13.88270855
126,1018,1,0.001736111,13.73976994,13.73976994,0,13.73976994,0,13.73976994
127,1025,1,0.001736111,13.28828049,13.28828049,0,13.28828049,0,13.28828049
128,1028,1,0.001736111,14.46686554,14.46686554,0,14.46686554,0,14.46686554
129,1030,1,0.001736111,14.47555542,14.47555542,0,14.47555542,0,14.47555542
130,1032,1,0.001736111,14.53690338,14.53690338,0,14.53690338,0,14.53690338
131,1047,1,0.001736111,14.6807127,14.6807127,0,14.6807127,0,14.6807127
132,1049,1,0.001736111,14.45156288,14.45156288,0,14.45156288,0,14.45156288
133,1050,1,0.001736111,14.68675423,14.68675423,0,14.68675423,0,14.68675423
134,1054,1,0.001736111,14.6807127,14.6807127,0,14.6807127,0,14.6807127
135,1057,1,0.001736111,12.33325386,12.33325386,0,12.33325386,0,12.33325386
136,1071,1,0.001736111,14.73586845,14.73586845,0,14.73586845,0,14.73586845
137,1083,1,0.001736111,14.73586845,14.73586845,0,14.73586845,0,14.73586845
138,1084,1,0.001736111,14.1316452,14.1316452,0,14.1316452,0,14.1316452
139,1097,1,0.001736111,7.997850895,7.997850895,0,7.997850895,0,7.997850895
140,1100,1,0.001736111,14.73586845,14.73586845,0,14.73586845,0,14.73586845
141,1103,1,0.001736111,14.09447956,14.09447956,0,14.09447956,0,14.09447956
142,1104,1,0.001736111,14.73586845,14.73586845,0,14.73586845,0,14.73586845
143,1106,1,0.001736111,14.73586845,14.73586845,0,14.73586845,0,14.73586845
144,1107,1,0.001736111,14.73586845,14.73586845,0,14.73586845,0,14.73586845
145,1108,1,0.001736111,14.73586845,14.73586845,0,14.73586845,0,14.73586845
146,1110,1,0.001736111,14.73586845,14.73586845,0,14.73586845,0,14.73586845
147,1112,1,0.001736111,14.73586845,14.73586845,0,14.73586845,0,14.73586845
148,1113,1,0.001736111,14.73586845,14.73586845,0,14.73586845,0,14.73586845
149,1114,1,0.001736111,14.73586845,14.73586845,0,14.73586845,0,14.73586845
150,1115,1,0.001736111,14.73586845,14.73586845,0,14.73586845,0,14.73586845
151,1118,1,0.001736111,14.73586845,14.73586845,0,14.73586845,0,14.73586845
152,1119,1,0.001736111,14.73586845,14.73586845,0,14.73586845,0,14.73586845
153,1120,1,0.001736111,14.73586845,14.73586845,0,14.73586845,0,14.73586845
154,1121,1,0.001736111,14.73586845,14.73586845,0,14.73586845,0,14.73586845
155,1123,1,0.001736111,14.73586845,14.73586845,0,14.73586845,0,14.73586845
156,1124,1,0.001736111,14.73586845,14.73586845,0,14.73586845,0,14.73586845
157,1126,1,0.001736111,14.73586845,14.73586845,0,14.73586845,0,14.73586845
158,1129,1,0.001736111,14.73586845,14.73586845,0,14.73586845,0,14.73586845
159,1130,1,0.001736111,14.73586845,14.73586845,0,14.73586845,0,14.73586845
160,1133,1,0.001736111,9.568528175,9.568528175,0,9.568528175,0,9.568528175
161,1134,1,0.001736111,14.73586845,14.73586845,0,14.73586845,0,14.73586845
162,1139,1,0.001736111,14.36760426,14.36760426,0,14.36760426,0,14.36760426
163,1140,1,0.001736111,14.73586845,14.73586845,0,14.73586845,0,14.73586845
164,1142,1,0.001736111,14.36760426,14.36760426,0,14.36760426,0,14.36760426
165,1149,1,0.001736111,10.45063972,10.45063972,0,10.45063972,0,10.45063972
166,1161,1,0.001736111,14.63422871,14.63422871,0,14.63422871,0,14.63422871
167,1166,1,0.001736111,14.36544037,14.36544037,0,14.36544037,0,14.36544037
168,1170,1,0.001736111,13.73976994,13.73976994,0,13.73976994,0,13.73976994
169,1171,1,0.001736111,14.63422871,14.63422871,0,14.63422871,0,14.63422871
170,1173,1,0.001736111,14.63422871,14.63422871,0,14.63422871,0,14.63422871
171,1178,1,0.001736111,14.63422871,14.63422871,0,14.63422871,0,14.63422871
172,1181,1,0.001736111,14.63422871,14.63422871,0,14.63422871,0,14.63422871
173,1183,1,0.001736111,14.63422871,14.63422871,0,14.63422871,0,14.63422871
174,1184,1,0.001736111,14.63422871,14.63422871,0,14.63422871,0,14.63422871
175,1188,1,0.001736111,15.88189316,15.88189316,0,15.88189316,0,15.88189316
176,1189,1,0.001736111,14.63422871,14.63422871,0,14.63422871,0,14.63422871
177,1191,1,0.001736111,14.01412582,14.01412582,0,14.01412582,0,14.01412582
178,1193,1,0.001736111,14.36544037,14.36544037,0,14.36544037,0,14.36544037
179,1201,1,0.001736111,10.45063972,10.45063972,0,10.45063972,0,10.45063972
180,1202,1,0.001736111,6.973274231,6.973274231,0,6.973274231,0,6.973274231
181,1205,1,0.001736111,9.84940052,9.84940052,0,9.84940052,0,9.84940052
182,1211,1,0.001736111,14.88680935,14.88680935,0,14.88680935,0,14.88680935
183,1214,1,0.001736111,16.22503853,16.22503853,0,16.22503853,0,16.22503853
184,1218,1,0.001736111,7.087458611,7.087458611,0,7.087458611,0,7.087458611
185,1234,1,0.001736111,12.65925312,12.65925312,0,12.65925312,0,12.65925312
186,1294,1,0.001736111,17.81210327,17.81210327,0,17.81210327,0,17.81210327
187,1305,1,0.001736111,17.81210327,17.81210327,0,17.81210327,0,17.81210327
188,1307,1,0.001736111,17.81210327,17.81210327,0,17.81210327,0,17.81210327
189,1311,1,0.001736111,17.81210327,17.81210327,0,17.81210327,0,17.81210327
190,1315,1,0.001736111,17.81210327,17.81210327,0,17.81210327,0,17.81210327
191,1318,1,0.001736111,17.81210327,17.81210327,0,17.81210327,0,17.81210327
192,1319,1,0.001736111,17.81210327,17.81210327,0,17.81210327,0,17.81210327
193,1320,1,0.001736111,17.81210327,17.81210327,0,17.81210327,0,17.81210327
194,1323,1,0.001736111,17.81210327,17.81210327,0,17.81210327,0,17.81210327
195,1327,1,0.001736111,17.81210327,17.81210327,0,17.81210327,0,17.81210327
196,1331,1,0.001736111,17.81210327,17.81210327,0,17.81210327,0,17.81210327
197,1334,1,0.001736111,17.81210327,17.81210327,0,17.81210327,0,17.81210327
198,1335,1,0.001736111,17.81210327,17.81210327,0,17.81210327,0,17.81210327
199,1336,1,0.001736111,17.81210327,17.81210327,0,17.81210327,0,17.81210327
200,1337,1,0.001736111,17.81210327,17.81210327,0,17.81210327,0,17.81210327
201,1338,1,0.001736111,17.81210327,17.81210327,0,17.81210327,0,17.81210327
202,1339,1,0.001736111,11.71221638,11.71221638,0,11.71221638,0,11.71221638
203,1341,1,0.001736111,17.81210327,17.81210327,0,17.81210327,0,17.81210327
204,1344,1,0.001736111,17.81210327,17.81210327,0,17.81210327,0,17.81210327
205,1353,1,0.001736111,13.99335384,13.99335384,0,13.99335384,0,13.99335384
206,1358,1,0.001736111,10.25782967,10.25782967,0,10.25782967,0,10.25782967
207,1361,1,0.001736111,14.05407619,14.05407619,0,14.05407619,0,14.05407619
208,1364,1,0.001736111,8.248681068,8.248681068,0,8.248681068,0,8.248681068
209,1368,1,0.001736111,12.64521217,12.64521217,0,12.64521217,0,12.64521217
210,1372,1,0.001736111,11.6943922,11.6943922,0,11.6943922,0,11.6943922
211,1373,1,0.001736111,9.927371979,9.927371979,0,9.927371979,0,9.927371979
212,1377,1,0.001736111,11.03312492,11.03312492,0,11.03312492,0,11.03312492
213,1383,1,0.001736111,13.6118536,13.6118536,0,13.6118536,0,13.6118536
214,1386,1,0.001736111,6.525157452,6.525157452,0,6.525157452,0,6.525157452
215,1397,1,0.001736111,6.869028091,6.869028091,0,6.869028091,0,6.869028091
216,1411,1,0.001736111,16.40638924,16.40638924,0,16.40638924,0,16.40638924
217,1416,1,0.001736111,14.88680935,14.88680935,0,14.88680935,0,14.88680935
218,1426,1,0.001736111,9.802052498,9.802052498,0,9.802052498,0,9.802052498
219,1430,1,0.001736111,13.6118536,13.6118536,0,13.6118536,0,13.6118536
220,1433,1,0.001736111,15.88189316,15.88189316,0,15.88189316,0,15.88189316
221,1437,1,0.001736111,14.84376049,14.84376049,0,14.84376049,0,14.84376049
222,1443,1,0.001736111,13.6118536,13.6118536,0,13.6118536,0,13.6118536
223,1452,1,0.001736111,13.70670795,13.70670795,0,13.70670795,0,13.70670795
224,1456,1,0.001736111,13.6118536,13.6118536,0,13.6118536,0,13.6118536
225,1464,1,0.001736111,16.40638924,16.40638924,0,16.40638924,0,16.40638924
226,1465,1,0.001736111,16.40638924,16.40638924,0,16.40638924,0,16.40638924
227,1467,1,0.001736111,5.906992912,5.906992912,0,5.906992912,0,5.906992912
228,1468,1,0.001736111,15.88189316,15.88189316,0,15.88189316,0,15.88189316
229,1473,1,0.001736111,7.437871933,7.437871933,0,7.437871933,0,7.437871933
230,1483,1,0.001736111,10.25782967,10.25782967,0,10.25782967,0,10.25782967
231,1488,1,0.001736111,13.86393738,13.86393738,0,13.86393738,0,13.86393738
232,1501,1,0.001736111,14.27370834,14.27370834,0,14.27370834,0,14.27370834
233,1512,1,0.001736111,14.29588127,14.29588127,0,14.29588127,0,14.29588127
234,1517,1,0.001736111,16.40638924,16.40638924,0,16.40638924,0,16.40638924
235,1520,1,0.001736111,14.0833683,14.0833683,0,14.0833683,0,14.0833683
236,1530,1,0.001736111,14.29588127,14.29588127,0,14.29588127,0,14.29588127
237,1546,1,0.001736111,13.70670795,13.70670795,0,13.70670795,0,13.70670795
238,1555,1,0.001736111,14.1316452,14.1316452,0,14.1316452,0,14.1316452
239,1570,1,0.001736111,11.92304993,11.92304993,0,11.92304993,0,11.92304993
240,1578,1,0.001736111,16.40638924,16.40638924,0,16.40638924,0,16.40638924
241,1580,1,0.001736111,16.40638924,16.40638924,0,16.40638924,0,16.40638924
242,1611,1,0.001736111,10.69403172,10.69403172,0,10.69403172,0,10.69403172
243,1619,1,0.001736111,12.88203812,12.88203812,0,12.88203812,0,12.88203812
244,1623,1,0.001736111,15.23121834,15.23121834,0,15.23121834,0,15.23121834
245,1624,1,0.001736111,16.40638924,16.40638924,0,16.40638924,0,16.40638924
246,1629,1,0.001736111,10.91691589,10.91691589,0,10.91691589,0,10.91691589
247,1656,1,0.001736111,14.1316452,14.1316452,0,14.1316452,0,14.1316452
248,1660,1,0.001736111,17.7514286,17.7514286,0,17.7514286,0,17.7514286
249,1663,1,0.001736111,14.73586845,14.73586845,0,14.73586845,0,14.73586845
250,1671,1,0.001736111,14.73586845,14.73586845,0,14.73586845,0,14.73586845
251,1672,1,0.001736111,14.73586845,14.73586845,0,14.73586845,0,14.73586845
252,1677,1,0.001736111,10.43265629,10.43265629,0,10.43265629,0,10.43265629
253,1683,1,0.001736111,7.012434959,7.012434959,0,7.012434959,0,7.012434959
254,1687,1,0.001736111,10.7905426,10.7905426,0,10.7905426,0,10.7905426
255,1702,1,0.001736111,13.6118536,13.6118536,0,13.6118536,0,13.6118536
256,1704,1,0.001736111,13.6118536,13.6118536,0,13.6118536,0,13.6118536
257,1708,1,0.001736111,13.6118536,13.6118536,0,13.6118536,0,13.6118536
258,1726,1,0.001736111,13.8434763,13.8434763,0,13.8434763,0,13.8434763
259,1739,1,0.001736111,12.6880579,12.6880579,0,12.6880579,0,12.6880579
260,1750,1,0.001736111,14.26221561,14.26221561,0,14.26221561,0,14.26221561
261,1770,1,0.001736111,14.10378456,14.10378456,0,14.10378456,0,14.10378456
262,1779,1,0.001736111,14.12312508,14.12312508,0,14.12312508,0,14.12312508
263,1780,1,0.001736111,14.12312508,14.12312508,0,14.12312508,0,14.12312508
264,1782,1,0.001736111,14.67978001,14.67978001,0,14.67978001,0,14.67978001
265,1783,1,0.001736111,14.10378456,14.10378456,0,14.10378456,0,14.10378456
266,1785,1,0.001736111,14.10378456,14.10378456,0,14.10378456,0,14.10378456
267,1790,1,0.001736111,14.67978001,14.67978001,0,14.67978001,0,14.67978001
268,1791,1,0.001736111,14.12312508,14.12312508,0,14.12312508,0,14.12312508
269,1795,1,0.001736111,14.12312508,14.12312508,0,14.12312508,0,14.12312508
270,1796,1,0.001736111,16.22503853,16.22503853,0,16.22503853,0,16.22503853
271,1801,1,0.001736111,14.12312508,14.12312508,0,14.12312508,0,14.12312508
272,1803,1,0.001736111,14.29588127,14.29588127,0,14.29588127,0,14.29588127
273,1807,1,0.001736111,14.01412582,14.01412582,0,14.01412582,0,14.01412582
274,1809,1,0.001736111,16.22503853,16.22503853,0,16.22503853,0,16.22503853
275,1818,1,0.001736111,13.6118536,13.6118536,0,13.6118536,0,13.6118536
276,1821,1,0.001736111,11.79153824,11.79153824,0,11.79153824,0,11.79153824
277,1822,1,0.001736111,6.137201309,6.137201309,0,6.137201309,0,6.137201309
278,1825,1,0.001736111,11.2533474,11.2533474,0,11.2533474,0,11.2533474
279,1831,1,0.001736111,7.012434959,7.012434959,0,7.012434959,0,7.012434959
280,1835,1,0.001736111,6.137201309,6.137201309,0,6.137201309,0,6.137201309
281,1836,1,0.001736111,6.137201309,6.137201309,0,6.137201309,0,6.137201309
282,1843,1,0.001736111,12.20681953,12.20681953,0,12.20681953,0,12.20681953
283,1851,1,0.001736111,15.23121834,15.23121834,0,15.23121834,0,15.23121834
284,1904,1,0.001736111,14.05407619,14.05407619,0,14.05407619,0,14.05407619
285,1914,1,0.001736111,14.01412582,14.01412582,0,14.01412582,0,14.01412582
286,1918,1,0.001736111,15.19617367,15.19617367,0,15.19617367,0,15.19617367
287,1926,1,0.001736111,9.182988167,9.182988167,0,9.182988167,0,9.182988167
288,1930,1,0.001736111,11.92304993,11.92304993,0,11.92304993,0,11.92304993
289,1931,1,0.001736111,11.92304993,11.92304993,0,11.92304993,0,11.92304993
290,1934,1,0.001736111,11.92304993,11.92304993,0,11.92304993,0,11.92304993
291,1940,1,0.001736111,17.97305679,17.97305679,0,17.97305679,0,17.97305679
292,1952,1,0.001736111,17.97305679,17.97305679,0,17.97305679,0,17.97305679
293,1953,1,0.001736111,17.97305679,17.97305679,0,17.97305679,0,17.97305679
294,1957,1,0.001736111,17.97305679,17.97305679,0,17.97305679,0,17.97305679
295,1976,1,0.001736111,17.97305679,17.97305679,0,17.97305679,0,17.97305679
296,2011,1,0.001736111,14.65329266,14.65329266,0,14.65329266,0,14.65329266
297,2023,1,0.001736111,14.01531982,14.01531982,0,14.01531982,0,14.01531982
298,2028,1,0.001736111,14.73586845,14.73586845,0,14.73586845,0,14.73586845
299,2032,1,0.001736111,14.46686554,14.46686554,0,14.46686554,0,14.46686554
300,2039,1,0.001736111,6.869028091,6.869028091,0,6.869028091,0,6.869028091
301,2040,1,0.001736111,6.869028091,6.869028091,0,6.869028091,0,6.869028091
302,2042,1,0.001736111,14.01412582,14.01412582,0,14.01412582,0,14.01412582
303,2043,1,0.001736111,10.74604607,10.74604607,0,10.74604607,0,10.74604607
304,2057,1,0.001736111,6.869028091,6.869028091,0,6.869028091,0,6.869028091
305,2060,1,0.001736111,6.869028091,6.869028091,0,6.869028091,0,6.869028091
306,2073,1,0.001736111,8.464262009,8.464262009,0,8.464262009,0,8.464262009
307,2074,1,0.001736111,6.567360878,6.567360878,0,6.567360878,0,6.567360878
308,2080,1,0.001736111,8.464262009,8.464262009,0,8.464262009,0,8.464262009
309,2088,1,0.001736111,7.372958183,7.372958183,0,7.372958183,0,7.372958183
310,2091,1,0.001736111,5.288152695,5.288152695,0,5.288152695,0,5.288152695
311,2103,1,0.001736111,5.517118454,5.517118454,0,5.517118454,0,5.517118454
312,2105,1,0.001736111,7.012434959,7.012434959,0,7.012434959,0,7.012434959
313,2116,1,0.001736111,6.296698093,6.296698093,0,6.296698093,0,6.296698093
314,2119,1,0.001736111,6.869028091,6.869028091,0,6.869028091,0,6.869028091
315,2130,1,0.001736111,14.29588127,14.29588127,0,14.29588127,0,14.29588127
316,2131,1,0.001736111,5.30899334,5.30899334,0,5.30899334,0,5.30899334
317,2139,1,0.001736111,14.29588127,14.29588127,0,14.29588127,0,14.29588127
318,2145,1,0.001736111,10.61114025,10.61114025,0,10.61114025,0,10.61114025
319,2146,1,0.001736111,14.27959347,14.27959347,0,14.27959347,0,14.27959347
320,2150,1,0.001736111,14.27959347,14.27959347,0,14.27959347,0,14.27959347
321,2151,1,0.001736111,14.29588127,14.29588127,0,14.29588127,0,14.29588127
322,2155,1,0.001736111,6.534957886,6.534957886,0,6.534957886,0,6.534957886
323,2156,1,0.001736111,14.09845829,14.09845829,0,14.09845829,0,14.09845829
324,2160,1,0.001736111,7.012434959,7.012434959,0,7.012434959,0,7.012434959
325,2173,1,0.001736111,14.1316452,14.1316452,0,14.1316452,0,14.1316452
326,2174,1,0.001736111,12.31350708,12.31350708,0,12.31350708,0,12.31350708
327,2178,1,0.001736111,14.1316452,14.1316452,0,14.1316452,0,14.1316452
328,2184,1,0.001736111,10.33373642,10.33373642,0,10.33373642,0,10.33373642
329,2200,1,0.001736111,10.62257957,10.62257957,0,10.62257957,0,10.62257957
330,2204,1,0.001736111,12.40156651,12.40156651,0,12.40156651,0,12.40156651
331,2207,1,0.001736111,12.71301556,12.71301556,0,12.71301556,0,12.71301556
332,2215,1,0.001736111,12.71301556,12.71301556,0,12.71301556,0,12.71301556
333,2217,1,0.001736111,12.83336258,12.83336258,0,12.83336258,0,12.83336258
334,2220,1,0.001736111,12.83336258,12.83336258,0,12.83336258,0,12.83336258
335,2229,1,0.001736111,14.01531982,14.01531982,0,14.01531982,0,14.01531982
336,2235,1,0.001736111,14.68675423,14.68675423,0,14.68675423,0,14.68675423
337,2237,1,0.001736111,10.87707329,10.87707329,0,10.87707329,0,10.87707329
338,2241,1,0.001736111,12.72258186,12.72258186,0,12.72258186,0,12.72258186
339,2245,1,0.001736111,14.01412582,14.01412582,0,14.01412582,0,14.01412582
340,2252,1,0.001736111,7.899013996,7.899013996,0,7.899013996,0,7.899013996
341,2254,1,0.001736111,14.1316452,14.1316452,0,14.1316452,0,14.1316452
342,2261,1,0.001736111,11.01547909,11.01547909,0,11.01547909,0,11.01547909
343,2265,1,0.001736111,11.01547909,11.01547909,0,11.01547909,0,11.01547909
344,2267,1,0.001736111,7.012434959,7.012434959,0,7.012434959,0,7.012434959
345,2269,1,0.001736111,14.47555542,14.47555542,0,14.47555542,0,14.47555542
346,2272,1,0.001736111,14.1316452,14.1316452,0,14.1316452,0,14.1316452
347,2287,1,0.001736111,13.91568756,13.91568756,0,13.91568756,0,13.91568756
348,2293,1,0.001736111,10.25782967,10.25782967,0,10.25782967,0,10.25782967
349,2301,1,0.001736111,11.44189835,11.44189835,0,11.44189835,0,11.44189835
350,2309,1,0.001736111,12.73005867,12.73005867,0,12.73005867,0,12.73005867
351,2326,1,0.001736111,9.505302429,9.505302429,0,9.505302429,0,9.505302429
352,2327,1,0.001736111,10.13742352,10.13742352,0,10.13742352,0,10.13742352
353,2336,1,0.001736111,13.17560673,13.17560673,0,13.17560673,0,13.17560673
354,2357,1,0.001736111,14.01412582,14.01412582,0,14.01412582,0,14.01412582
355,2379,1,0.001736111,13.88270855,13.88270855,0,13.88270855,0,13.88270855
356,2388,1,0.001736111,12.43456554,12.43456554,0,12.43456554,0,12.43456554
357,2404,1,0.001736111,14.29588127,14.29588127,0,14.29588127,0,14.29588127
358,2405,1,0.001736111,15.08260441,15.08260441,0,15.08260441,0,15.08260441
359,2410,1,0.001736111,13.99335384,13.99335384,0,13.99335384,0,13.99335384
360,2423,1,0.001736111,7.908597469,7.908597469,0,7.908597469,0,7.908597469
361,2430,1,0.001736111,14.29588127,14.29588127,0,14.29588127,0,14.29588127
362,2433,1,0.001736111,14.60194969,14.60194969,0,14.60194969,0,14.60194969
363,2468,1,0.001736111,15.72204971,15.72204971,0,15.72204971,0,15.72204971
364,2469,1,0.001736111,6.083614349,6.083614349,0,6.083614349,0,6.083614349
365,2474,1,0.001736111,5.471134186,5.471134186,0,5.471134186,0,5.471134186
366,2476,1,0.001736111,14.68675423,14.68675423,0,14.68675423,0,14.68675423
367,2477,1,0.001736111,10.23111439,10.23111439,0,10.23111439,0,10.23111439
368,2495,1,0.001736111,14.84376049,14.84376049,0,14.84376049,0,14.84376049
369,2515,1,0.001736111,15.4837923,15.4837923,0,15.4837923,0,15.4837923
370,2519,1,0.001736111,13.99298573,13.99298573,0,13.99298573,0,13.99298573
371,2524,1,0.001736111,15.48872948,15.48872948,0,15.48872948,0,15.48872948
372,2525,1,0.001736111,11.67653751,11.67653751,0,11.67653751,0,11.67653751
373,2542,1,0.001736111,6.041522026,6.041522026,0,6.041522026,0,6.041522026
374,2548,1,0.001736111,5.754347324,5.754347324,0,5.754347324,0,5.754347324
375,2576,1,0.001736111,15.08260441,15.08260441,0,15.08260441,0,15.08260441
376,2583,1,0.001736111,6.996305466,6.996305466,0,6.996305466,0,6.996305466
377,2595,1,0.001736111,11.99662018,11.99662018,0,11.99662018,0,11.99662018
378,2598,1,0.001736111,14.12312508,14.12312508,0,14.12312508,0,14.12312508
379,2599,1,0.001736111,14.12312508,14.12312508,0,14.12312508,0,14.12312508
380,2603,1,0.001736111,6.265601635,6.265601635,0,6.265601635,0,6.265601635
381,2604,1,0.001736111,17.7514286,17.7514286,0,17.7514286,0,17.7514286
382,2677,1,0.001736111,7.012434959,7.012434959,0,7.012434959,0,7.012434959
383,2678,1,0.001736111,7.012434959,7.012434959,0,7.012434959,0,7.012434959
384,2680,1,0.001736111,7.012434959,7.012434959,0,7.012434959,0,7.012434959
385,2682,1,0.001736111,7.012434959,7.012434959,0,7.012434959,0,7.012434959
386,2683,1,0.001736111,7.012434959,7.012434959,0,7.012434959,0,7.012434959
387,2685,1,0.001736111,7.012434959,7.012434959,0,7.012434959,0,7.012434959
388,2690,1,0.001736111,7.012434959,7.012434959,0,7.012434959,0,7.012434959
389,2693,1,0.001736111,7.012434959,7.012434959,0,7.012434959,0,7.012434959
390,2699,1,0.001736111,7.012434959,7.012434959,0,7.012434959,0,7.012434959
391,2702,1,0.001736111,12.4203825,12.4203825,0,12.4203825,0,12.4203825
392,2703,1,0.001736111,7.012434959,7.012434959,0,7.012434959,0,7.012434959
393,2726,1,0.001736111,7.012434959,7.012434959,0,7.012434959,0,7.012434959
394,2743,1,0.001736111,7.158155918,7.158155918,0,7.158155918,0,7.158155918
395,2765,1,0.001736111,6.962101936,6.962101936,0,6.962101936,0,6.962101936
396,2771,1,0.001736111,6.869028091,6.869028091,0,6.869028091,0,6.869028091
397,2773,1,0.001736111,15.87343788,15.87343788,0,15.87343788,0,15.87343788
398,2798,1,0.001736111,7.158155918,7.158155918,0,7.158155918,0,7.158155918
399,2811,1,0.001736111,7.012434959,7.012434959,0,7.012434959,0,7.012434959
400,2813,1,0.001736111,7.012434959,7.012434959,0,7.012434959,0,7.012434959
401,2816,1,0.001736111,6.646472454,6.646472454,0,6.646472454,0,6.646472454
402,2818,1,0.001736111,6.154545784,6.154545784,0,6.154545784,0,6.154545784
403,2824,1,0.001736111,7.012434959,7.012434959,0,7.012434959,0,7.012434959
404,2826,1,0.001736111,7.012434959,7.012434959,0,7.012434959,0,7.012434959
405,2839,1,0.001736111,10.13715935,10.13715935,0,10.13715935,0,10.13715935
406,2841,1,0.001736111,6.695569515,6.695569515,0,6.695569515,0,6.695569515
407,2849,1,0.001736111,6.567360878,6.567360878,0,6.567360878,0,6.567360878
408,2850,1,0.001736111,8.186840057,8.186840057,0,8.186840057,0,8.186840057
409,2852,1,0.001736111,8.186840057,8.186840057,0,8.186840057,0,8.186840057
410,2853,1,0.001736111,8.186840057,8.186840057,0,8.186840057,0,8.186840057
411,2856,1,0.001736111,8.186840057,8.186840057,0,8.186840057,0,8.186840057
412,2857,1,0.001736111,9.027667046,9.027667046,0,9.027667046,0,9.027667046
413,2865,1,0.001736111,8.706245422,8.706245422,0,8.706245422,0,8.706245422
414,2869,1,0.001736111,8.706245422,8.706245422,0,8.706245422,0,8.706245422
415,2882,1,0.001736111,11.52121544,11.52121544,0,11.52121544,0,11.52121544
416,2895,1,0.001736111,11.74713898,11.74713898,0,11.74713898,0,11.74713898
417,2896,1,0.001736111,10.69180202,10.69180202,0,10.69180202,0,10.69180202
418,2897,1,0.001736111,14.73586845,14.73586845,0,14.73586845,0,14.73586845
419,2907,1,0.001736111,6.646472454,6.646472454,0,6.646472454,0,6.646472454
420,2908,1,0.001736111,17.81210327,17.81210327,0,17.81210327,0,17.81210327
421,2909,1,0.001736111,9.825609207,9.825609207,0,9.825609207,0,9.825609207
422,2912,1,0.001736111,9.825609207,9.825609207,0,9.825609207,0,9.825609207
423,2922,1,0.001736111,8.568339348,8.568339348,0,8.568339348,0,8.568339348
424,2926,1,0.001736111,8.568339348,8.568339348,0,8.568339348,0,8.568339348
425,2928,1,0.001736111,6.614618301,6.614618301,0,6.614618301,0,6.614618301
426,2933,1,0.001736111,10.13430882,10.13430882,0,10.13430882,0,10.13430882
427,2937,1,0.001736111,10.06885052,10.06885052,0,10.06885052,0,10.06885052
428,2941,1,0.001736111,12.11856651,12.11856651,0,12.11856651,0,12.11856651
429,3017,1,0.001736111,15.72204971,15.72204971,0,15.72204971,0,15.72204971
430,3020,1,0.001736111,12.18032932,12.18032932,0,12.18032932,0,12.18032932
431,3021,1,0.001736111,15.72204971,15.72204971,0,15.72204971,0,15.72204971
432,3022,1,0.001736111,12.18032932,12.18032932,0,12.18032932,0,12.18032932
433,3025,1,0.001736111,12.18032932,12.18032932,0,12.18032932,0,12.18032932
434,3026,1,0.001736111,12.18032932,12.18032932,0,12.18032932,0,12.18032932
435,3029,1,0.001736111,12.18032932,12.18032932,0,12.18032932,0,12.18032932
436,3030,1,0.001736111,12.18032932,12.18032932,0,12.18032932,0,12.18032932
437,3033,1,0.001736111,12.18032932,12.18032932,0,12.18032932,0,12.18032932
438,3034,1,0.001736111,12.18032932,12.18032932,0,12.18032932,0,12.18032932
439,3037,1,0.001736111,12.18032932,12.18032932,0,12.18032932,0,12.18032932
440,3039,1,0.001736111,12.18032932,12.18032932,0,12.18032932,0,12.18032932
441,3041,1,0.001736111,12.18032932,12.18032932,0,12.18032932,0,12.18032932
442,3042,1,0.001736111,12.18032932,12.18032932,0,12.18032932,0,12.18032932
443,3043,1,0.001736111,12.18032932,12.18032932,0,12.18032932,0,12.18032932
444,3044,1,0.001736111,12.18032932,12.18032932,0,12.18032932,0,12.18032932
445,3066,1,0.001736111,12.11856651,12.11856651,0,12.11856651,0,12.11856651
446,3093,1,0.001736111,10.13715935,10.13715935,0,10.13715935,0,10.13715935
447,3104,1,0.001736111,7.759562492,7.759562492,0,7.759562492,0,7.759562492
448,3106,1,0.001736111,8.824874878,8.824874878,0,8.824874878,0,8.824874878
449,3108,1,0.001736111,11.59295082,11.59295082,0,11.59295082,0,11.59295082
450,3109,1,0.001736111,10.90909767,10.90909767,0,10.90909767,0,10.90909767
451,3112,1,0.001736111,15.72204971,15.72204971,0,15.72204971,0,15.72204971
452,3113,1,0.001736111,7.730531216,7.730531216,0,7.730531216,0,7.730531216
453,3139,1,0.001736111,7.012434959,7.012434959,0,7.012434959,0,7.012434959
454,3142,1,0.001736111,7.012434959,7.012434959,0,7.012434959,0,7.012434959
455,3147,1,0.001736111,12.24014187,12.24014187,0,12.24014187,0,12.24014187
456,3152,1,0.001736111,7.012434959,7.012434959,0,7.012434959,0,7.012434959
457,3165,1,0.001736111,10.23111439,10.23111439,0,10.23111439,0,10.23111439
458,3171,1,0.001736111,10.13715935,10.13715935,0,10.13715935,0,10.13715935
459,3176,1,0.001736111,7.759562492,7.759562492,0,7.759562492,0,7.759562492
460,3192,1,0.001736111,6.130804062,6.130804062,0,6.130804062,0,6.130804062
461,3224,1,0.001736111,16.22503853,16.22503853,0,16.22503853,0,16.22503853
462,3229,1,0.001736111,12.04434967,12.04434967,0,12.04434967,0,12.04434967
463,3247,1,0.001736111,12.60034847,12.60034847,0,12.60034847,0,12.60034847
464,3271,1,0.001736111,13.69687462,13.69687462,0,13.69687462,0,13.69687462
465,3301,1,0.001736111,6.525157452,6.525157452,0,6.525157452,0,6.525157452
466,3310,1,0.001736111,6.590086937,6.590086937,0,6.590086937,0,6.590086937
467,3311,1,0.001736111,8.220972061,8.220972061,0,8.220972061,0,8.220972061
468,3313,1,0.001736111,8.801388741,8.801388741,0,8.801388741,0,8.801388741
469,3315,1,0.001736111,6.590086937,6.590086937,0,6.590086937,0,6.590086937
470,3320,1,0.001736111,8.780203819,8.780203819,0,8.780203819,0,8.780203819
471,3321,1,0.001736111,6.590086937,6.590086937,0,6.590086937,0,6.590086937
472,3326,1,0.001736111,6.590086937,6.590086937,0,6.590086937,0,6.590086937
473,3337,1,0.001736111,8.780203819,8.780203819,0,8.780203819,0,8.780203819
474,3340,1,0.001736111,8.780203819,8.780203819,0,8.780203819,0,8.780203819
475,3343,1,0.001736111,6.590086937,6.590086937,0,6.590086937,0,6.590086937
476,3344,1,0.001736111,6.590086937,6.590086937,0,6.590086937,0,6.590086937
477,3345,1,0.001736111,8.780203819,8.780203819,0,8.780203819,0,8.780203819
478,3348,1,0.001736111,6.590086937,6.590086937,0,6.590086937,0,6.590086937
479,3349,1,0.001736111,8.780203819,8.780203819,0,8.780203819,0,8.780203819
480,3352,1,0.001736111,8.780203819,8.780203819,0,8.780203819,0,8.780203819
481,3356,1,0.001736111,6.590086937,6.590086937,0,6.590086937,0,6.590086937
482,3360,1,0.001736111,8.780203819,8.780203819,0,8.780203819,0,8.780203819
483,3361,1,0.001736111,6.590086937,6.590086937,0,6.590086937,0,6.590086937
484,3363,1,0.001736111,8.780203819,8.780203819,0,8.780203819,0,8.780203819
485,3374,1,0.001736111,6.590086937,6.590086937,0,6.590086937,0,6.590086937
486,3375,1,0.001736111,8.780203819,8.780203819,0,8.780203819,0,8.780203819
487,3378,1,0.001736111,6.590086937,6.590086937,0,6.590086937,0,6.590086937
488,3384,1,0.001736111,8.780203819,8.780203819,0,8.780203819,0,8.780203819
489,3387,1,0.001736111,6.590086937,6.590086937,0,6.590086937,0,6.590086937
490,3391,1,0.001736111,6.590086937,6.590086937,0,6.590086937,0,6.590086937
491,3394,1,0.001736111,8.780203819,8.780203819,0,8.780203819,0,8.780203819
492,3395,1,0.001736111,8.780203819,8.780203819,0,8.780203819,0,8.780203819
493,3396,1,0.001736111,6.516322613,6.516322613,0,6.516322613,0,6.516322613
494,3397,1,0.001736111,6.590086937,6.590086937,0,6.590086937,0,6.590086937
495,3399,1,0.001736111,6.590086937,6.590086937,0,6.590086937,0,6.590086937
496,3406,1,0.001736111,8.780203819,8.780203819,0,8.780203819,0,8.780203819
497,3407,1,0.001736111,6.590086937,6.590086937,0,6.590086937,0,6.590086937
498,3417,1,0.001736111,6.590086937,6.590086937,0,6.590086937,0,6.590086937
499,3418,1,0.001736111,8.780203819,8.780203819,0,8.780203819,0,8.780203819
500,3420,1,0.001736111,8.780203819,8.780203819,0,8.780203819,0,8.780203819
501,3422,1,0.001736111,8.780203819,8.780203819,0,8.780203819,0,8.780203819
502,3425,1,0.001736111,6.590086937,6.590086937,0,6.590086937,0,6.590086937
503,3428,1,0.001736111,8.780203819,8.780203819,0,8.780203819,0,8.780203819
504,3429,1,0.001736111,6.516322613,6.516322613,0,6.516322613,0,6.516322613
505,3436,1,0.001736111,6.590086937,6.590086937,0,6.590086937,0,6.590086937
506,3437,1,0.001736111,8.780203819,8.780203819,0,8.780203819,0,8.780203819
507,3441,1,0.001736111,6.516322613,6.516322613,0,6.516322613,0,6.516322613
508,3445,1,0.001736111,6.590086937,6.590086937,0,6.590086937,0,6.590086937
509,3455,1,0.001736111,8.780203819,8.780203819,0,8.780203819,0,8.780203819
510,3456,1,0.001736111,8.220972061,8.220972061,0,8.220972061,0,8.220972061
511,3465,1,0.001736111,6.590086937,6.590086937,0,6.590086937,0,6.590086937
512,3467,1,0.001736111,8.780203819,8.780203819,0,8.780203819,0,8.780203819
513,3477,1,0.001736111,6.590086937,6.590086937,0,6.590086937,0,6.590086937
514,3478,1,0.001736111,6.590086937,6.590086937,0,6.590086937,0,6.590086937
515,3486,1,0.001736111,6.590086937,6.590086937,0,6.590086937,0,6.590086937
516,3487,1,0.001736111,6.590086937,6.590086937,0,6.590086937,0,6.590086937
517,3489,1,0.001736111,6.590086937,6.590086937,0,6.590086937,0,6.590086937
518,3491,1,0.001736111,7.349746227,7.349746227,0,7.349746227,0,7.349746227
519,3496,1,0.001736111,7.349746227,7.349746227,0,7.349746227,0,7.349746227
520,3500,1,0.001736111,7.724399567,7.724399567,0,7.724399567,0,7.724399567
521,3507,1,0.001736111,6.590086937,6.590086937,0,6.590086937,0,6.590086937
522,3508,1,0.001736111,7.349746227,7.349746227,0,7.349746227,0,7.349746227
523,3516,1,0.001736111,7.349746227,7.349746227,0,7.349746227,0,7.349746227
524,3520,1,0.001736111,6.590086937,6.590086937,0,6.590086937,0,6.590086937
525,3522,1,0.001736111,7.349746227,7.349746227,0,7.349746227,0,7.349746227
526,3524,1,0.001736111,7.349746227,7.349746227,0,7.349746227,0,7.349746227
527,3531,1,0.001736111,7.349746227,7.349746227,0,7.349746227,0,7.349746227
528,3542,1,0.001736111,7.349746227,7.349746227,0,7.349746227,0,7.349746227
529,3550,1,0.001736111,7.349746227,7.349746227,0,7.349746227,0,7.349746227
530,3551,1,0.001736111,12.58291721,12.58291721,0,12.58291721,0,12.58291721
531,3552,1,0.001736111,7.349746227,7.349746227,0,7.349746227,0,7.349746227
532,3557,1,0.001736111,7.349746227,7.349746227,0,7.349746227,0,7.349746227
533,3559,1,0.001736111,6.772881985,6.772881985,0,6.772881985,0,6.772881985
534,3561,1,0.001736111,6.590086937,6.590086937,0,6.590086937,0,6.590086937
535,3565,1,0.001736111,6.590086937,6.590086937,0,6.590086937,0,6.590086937
536,3571,1,0.001736111,6.110732555,6.110732555,0,6.110732555,0,6.110732555
537,3572,1,0.001736111,7.349746227,7.349746227,0,7.349746227,0,7.349746227
538,3578,1,0.001736111,6.590086937,6.590086937,0,6.590086937,0,6.590086937
539,3584,1,0.001736111,6.772881985,6.772881985,0,6.772881985,0,6.772881985
540,3592,1,0.001736111,9.403198242,9.403198242,0,9.403198242,0,9.403198242
541,3593,1,0.001736111,7.349746227,7.349746227,0,7.349746227,0,7.349746227
542,3594,1,0.001736111,6.772881985,6.772881985,0,6.772881985,0,6.772881985
543,3598,1,0.001736111,9.403198242,9.403198242,0,9.403198242,0,9.403198242
544,3600,1,0.001736111,12.28057289,12.28057289,0,12.28057289,0,12.28057289
545,3602,1,0.001736111,6.590086937,6.590086937,0,6.590086937,0,6.590086937
546,3606,1,0.001736111,6.772881985,6.772881985,0,6.772881985,0,6.772881985
547,3610,1,0.001736111,7.349746227,7.349746227,0,7.349746227,0,7.349746227
548,3611,1,0.001736111,7.349746227,7.349746227,0,7.349746227,0,7.349746227
549,3617,1,0.001736111,7.349746227,7.349746227,0,7.349746227,0,7.349746227
550,3621,1,0.001736111,6.590086937,6.590086937,0,6.590086937,0,6.590086937
551,3625,1,0.001736111,7.349746227,7.349746227,0,7.349746227,0,7.349746227
552,3627,1,0.001736111,7.349746227,7.349746227,0,7.349746227,0,7.349746227
553,3628,1,0.001736111,9.403198242,9.403198242,0,9.403198242,0,9.403198242
554,3636,1,0.001736111,6.590086937,6.590086937,0,6.590086937,0,6.590086937
555,3638,1,0.001736111,7.349746227,7.349746227,0,7.349746227,0,7.349746227
556,3639,1,0.001736111,7.349746227,7.349746227,0,7.349746227,0,7.349746227
557,3646,1,0.001736111,6.590086937,6.590086937,0,6.590086937,0,6.590086937
558,3649,1,0.001736111,7.349746227,7.349746227,0,7.349746227,0,7.349746227
559,3654,1,0.001736111,7.349746227,7.349746227,0,7.349746227,0,7.349746227
560,3662,1,0.001736111,7.349746227,7.349746227,0,7.349746227,0,7.349746227
561,3666,1,0.001736111,7.022791386,7.022791386,0,7.022791386,0,7.022791386
562,3668,1,0.001736111,6.664149284,6.664149284,0,6.664149284,0,6.664149284
563,3686,1,0.001736111,6.664149284,6.664149284,0,6.664149284,0,6.664149284
564,3688,1,0.001736111,6.590086937,6.590086937,0,6.590086937,0,6.590086937
565,3689,1,0.001736111,6.664149284,6.664149284,0,6.664149284,0,6.664149284
566,3690,1,0.001736111,6.664149284,6.664149284,0,6.664149284,0,6.664149284
567,3691,1,0.001736111,6.664149284,6.664149284,0,6.664149284,0,6.664149284
568,3692,1,0.001736111,6.664149284,6.664149284,0,6.664149284,0,6.664149284
569,3694,1,0.001736111,6.664149284,6.664149284,0,6.664149284,0,6.664149284
570,3702,1,0.001736111,6.664149284,6.664149284,0,6.664149284,0,6.664149284
571,3704,1,0.001736111,6.664149284,6.664149284,0,6.664149284,0,6.664149284
572,3715,1,0.001736111,6.664149284,6.664149284,0,6.664149284,0,6.664149284
573,3716,1,0.001736111,7.944541454,7.944541454,0,7.944541454,0,7.944541454
574,3718,1,0.001736111,6.664149284,6.664149284,0,6.664149284,0,6.664149284
575,3721,1,0.001736111,6.664149284,6.664149284,0,6.664149284,0,6.664149284
576,3722,1,0.001736111,6.664149284,6.664149284,0,6.664149284,0,6.664149284
577,3734,1,0.001736111,7.944541454,7.944541454,0,7.944541454,0,7.944541454
578,3742,1,0.001736111,6.664149284,6.664149284,0,6.664149284,0,6.664149284
579,3743,1,0.001736111,6.664149284,6.664149284,0,6.664149284,0,6.664149284
580,3757,1,0.001736111,7.022791386,7.022791386,0,7.022791386,0,7.022791386
581,3762,1,0.001736111,6.664149284,6.664149284,0,6.664149284,0,6.664149284
582,3764,1,0.001736111,6.664149284,6.664149284,0,6.664149284,0,6.664149284
583,3767,1,0.001736111,6.664149284,6.664149284,0,6.664149284,0,6.664149284
584,3773,1,0.001736111,6.664149284,6.664149284,0,6.664149284,0,6.664149284
585,3774,1,0.001736111,6.664149284,6.664149284,0,6.664149284,0,6.664149284
586,3776,1,0.001736111,6.590086937,6.590086937,0,6.590086937,0,6.590086937
587,3778,1,0.001736111,6.664149284,6.664149284,0,6.664149284,0,6.664149284
588,3784,1,0.001736111,7.022791386,7.022791386,0,7.022791386,0,7.022791386
589,3790,1,0.001736111,7.944541454,7.944541454,0,7.944541454,0,7.944541454
590,3793,1,0.001736111,6.664149284,6.664149284,0,6.664149284,0,6.664149284
591,3796,1,0.001736111,6.713097095,6.713097095,0,6.713097095,0,6.713097095
592,3800,1,0.001736111,7.944541454,7.944541454,0,7.944541454,0,7.944541454
593,3802,1,0.001736111,6.664149284,6.664149284,0,6.664149284,0,6.664149284
594,3803,1,0.001736111,7.944541454,7.944541454,0,7.944541454,0,7.944541454
595,3804,1,0.001736111,6.713097095,6.713097095,0,6.713097095,0,6.713097095
596,3813,1,0.001736111,6.435781002,6.435781002,0,6.435781002,0,6.435781002
597,3814,1,0.001736111,7.668854237,7.668854237,0,7.668854237,0,7.668854237
598,3816,1,0.001736111,6.435781002,6.435781002,0,6.435781002,0,6.435781002
599,3817,1,0.001736111,6.435781002,6.435781002,0,6.435781002,0,6.435781002
600,3818,1,0.001736111,7.668854237,7.668854237,0,7.668854237,0,7.668854237
601,3826,1,0.001736111,6.734051228,6.734051228,0,6.734051228,0,6.734051228
602,3830,1,0.001736111,7.668854237,7.668854237,0,7.668854237,0,7.668854237
603,3831,1,0.001736111,6.734051228,6.734051228,0,6.734051228,0,6.734051228
604,3832,1,0.001736111,6.435781002,6.435781002,0,6.435781002,0,6.435781002
605,3834,1,0.001736111,6.734051228,6.734051228,0,6.734051228,0,6.734051228
606,3836,1,0.001736111,6.435781002,6.435781002,0,6.435781002,0,6.435781002
607,3852,1,0.001736111,6.734051228,6.734051228,0,6.734051228,0,6.734051228
608,3865,1,0.001736111,6.435781002,6.435781002,0,6.435781002,0,6.435781002
609,3876,1,0.001736111,6.435781002,6.435781002,0,6.435781002,0,6.435781002
610,3878,1,0.001736111,9.870614052,9.870614052,0,9.870614052,0,9.870614052
611,3880,1,0.001736111,6.435781002,6.435781002,0,6.435781002,0,6.435781002
612,3891,1,0.001736111,6.435781002,6.435781002,0,6.435781002,0,6.435781002
613,3900,1,0.001736111,6.734051228,6.734051228,0,6.734051228,0,6.734051228
614,3902,1,0.001736111,6.734051228,6.734051228,0,6.734051228,0,6.734051228
615,3904,1,0.001736111,6.435781002,6.435781002,0,6.435781002,0,6.435781002
616,3905,1,0.001736111,7.668854237,7.668854237,0,7.668854237,0,7.668854237
617,3909,1,0.001736111,6.435781002,6.435781002,0,6.435781002,0,6.435781002
618,3916,1,0.001736111,7.668854237,7.668854237,0,7.668854237,0,7.668854237
619,3922,1,0.001736111,6.435781002,6.435781002,0,6.435781002,0,6.435781002
620,3925,1,0.001736111,7.668854237,7.668854237,0,7.668854237,0,7.668854237
621,3931,1,0.001736111,6.435781002,6.435781002,0,6.435781002,0,6.435781002
622,3933,1,0.001736111,9.870614052,9.870614052,0,9.870614052,0,9.870614052
623,3936,1,0.001736111,7.668854237,7.668854237,0,7.668854237,0,7.668854237
624,3943,1,0.001736111,6.435781002,6.435781002,0,6.435781002,0,6.435781002
625,3948,1,0.001736111,9.870614052,9.870614052,0,9.870614052,0,9.870614052
626,3949,1,0.001736111,7.668854237,7.668854237,0,7.668854237,0,7.668854237
627,3954,1,0.001736111,6.435781002,6.435781002,0,6.435781002,0,6.435781002
628,3964,1,0.001736111,7.668854237,7.668854237,0,7.668854237,0,7.668854237
629,3966,1,0.001736111,7.668854237,7.668854237,0,7.668854237,0,7.668854237
630,3975,1,0.001736111,6.435781002,6.435781002,0,6.435781002,0,6.435781002
631,3976,1,0.001736111,9.870614052,9.870614052,0,9.870614052,0,9.870614052
632,3977,1,0.001736111,6.435781002,6.435781002,0,6.435781002,0,6.435781002
633,3979,1,0.001736111,6.734051228,6.734051228,0,6.734051228,0,6.734051228
634,3982,1,0.001736111,9.870614052,9.870614052,0,9.870614052,0,9.870614052
635,3990,1,0.001736111,7.668854237,7.668854237,0,7.668854237,0,7.668854237
636,3998,1,0.001736111,7.668854237,7.668854237,0,7.668854237,0,7.668854237
637,3999,1,0.001736111,6.734051228,6.734051228,0,6.734051228,0,6.734051228
638,4002,1,0.001736111,7.668854237,7.668854237,0,7.668854237,0,7.668854237
639,4006,1,0.001736111,7.668854237,7.668854237,0,7.668854237,0,7.668854237
640,4008,1,0.001736111,7.668854237,7.668854237,0,7.668854237,0,7.668854237
641,4009,1,0.001736111,7.668854237,7.668854237,0,7.668854237,0,7.668854237
642,4010,1,0.001736111,6.734051228,6.734051228,0,6.734051228,0,6.734051228
643,4012,1,0.001736111,7.668854237,7.668854237,0,7.668854237,0,7.668854237
644,4017,1,0.001736111,7.668854237,7.668854237,0,7.668854237,0,7.668854237
645,4022,1,0.001736111,6.65169096,6.65169096,0,6.65169096,0,6.65169096
646,4035,1,0.001736111,6.734051228,6.734051228,0,6.734051228,0,6.734051228
647,4053,1,0.001736111,11.32808971,11.32808971,0,11.32808971,0,11.32808971
648,4055,1,0.001736111,6.103711605,6.103711605,0,6.103711605,0,6.103711605
649,4068,1,0.001736111,6.450749874,6.450749874,0,6.450749874,0,6.450749874
650,4069,1,0.001736111,12.33994102,12.33994102,0,12.33994102,0,12.33994102
651,4076,1,0.001736111,7.022597313,7.022597313,0,7.022597313,0,7.022597313
652,4077,1,0.001736111,7.012434959,7.012434959,0,7.012434959,0,7.012434959
653,4078,1,0.001736111,6.966083527,6.966083527,0,6.966083527,0,6.966083527
654,4080,1,0.001736111,12.33340073,12.33340073,0,12.33340073,0,12.33340073
655,4082,1,0.001736111,7.022597313,7.022597313,0,7.022597313,0,7.022597313
